<?xml version='1.0' encoding='UTF-8'?>
<types:mule xmlns:types="http://www.mulesoft.org/schema/mule/types">
  <types:catalog>
    <types:type name="auto_a598fb20-1cc1-48af-a876-3686b9195128_Input-Payload" format="json">
      <types:shape format="weave" example="weave/autogenerated/a598fb20-1cc1-48af-a876-3686b9195128/Input-Payload.wev" autogeneratedOrigin="2d20cc55-efc2-4f01-81ba-559ef7f4ee87"><![CDATA[%dw 2.0

type auto_a598fb20_1cc1_48af_a876_3686b9195128_Input_Payload = {|
  statusCode: Number, 
  errorType: {|  |}
|}

]]></types:shape>
    </types:type>
    <types:type name="auto_a598fb20-1cc1-48af-a876-3686b9195128_Input-Variables-errorType" format="java">
      <types:shape format="weave" example="weave/autogenerated/a598fb20-1cc1-48af-a876-3686b9195128/Input-Variables-errorType.wev" autogeneratedOrigin="2d20cc55-efc2-4f01-81ba-559ef7f4ee87"><![CDATA[%dw 2.0

type auto_a598fb20_1cc1_48af_a876_3686b9195128_Input_Variables_errorType = {|  |}

]]></types:shape>
    </types:type>
    <types:type name="auto_a598fb20-1cc1-48af-a876-3686b9195128_Input-Variables-httpStatus" format="java">
      <types:shape format="raml" autogeneratedOrigin="2d20cc55-efc2-4f01-81ba-559ef7f4ee87"><![CDATA[#%RAML 1.0 DataType
type: number]]></types:shape>
    </types:type>
    <types:type name="auto_a598fb20-1cc1-48af-a876-3686b9195128_Output-Payload" format="json">
      <types:shape format="weave" example="weave/autogenerated/a598fb20-1cc1-48af-a876-3686b9195128/Output-Payload.wev" autogeneratedOrigin="2d20cc55-efc2-4f01-81ba-559ef7f4ee87"><![CDATA[%dw 2.0

type auto_a598fb20_1cc1_48af_a876_3686b9195128_Output_Payload = {|
  statusCode: Number, 
  errorType: {|  |}
|}

]]></types:shape>
    </types:type>
    <types:type name="auto_a598fb20-1cc1-48af-a876-3686b9195128_Output-Variables-errorType" format="java">
      <types:shape format="weave" example="weave/autogenerated/a598fb20-1cc1-48af-a876-3686b9195128/Output-Variables-errorType.wev" autogeneratedOrigin="2d20cc55-efc2-4f01-81ba-559ef7f4ee87"><![CDATA[%dw 2.0

type auto_a598fb20_1cc1_48af_a876_3686b9195128_Output_Variables_errorType = {|  |}

]]></types:shape>
    </types:type>
    <types:type name="auto_a598fb20-1cc1-48af-a876-3686b9195128_Output-Variables-httpStatus" format="java">
      <types:shape format="raml" autogeneratedOrigin="2d20cc55-efc2-4f01-81ba-559ef7f4ee87"><![CDATA[#%RAML 1.0 DataType
type: number]]></types:shape>
    </types:type>
  </types:catalog>
  <types:enrichment select="#a598fb20-1cc1-48af-a876-3686b9195128">
    <types:processor-declaration>
      <types:input-event>
        <types:message>
          <types:payload type="auto_a598fb20-1cc1-48af-a876-3686b9195128_Input-Payload"/>
        </types:message>
        <types:variables>
          <types:variable name="errorType" type="auto_a598fb20-1cc1-48af-a876-3686b9195128_Input-Variables-errorType"/>
          <types:variable name="httpStatus" type="auto_a598fb20-1cc1-48af-a876-3686b9195128_Input-Variables-httpStatus"/>
        </types:variables>
      </types:input-event>
      <types:output-event>
        <types:message>
          <types:payload type="auto_a598fb20-1cc1-48af-a876-3686b9195128_Output-Payload"/>
        </types:message>
        <types:variables>
          <types:variable name="errorType" type="auto_a598fb20-1cc1-48af-a876-3686b9195128_Output-Variables-errorType"/>
          <types:variable name="httpStatus" type="auto_a598fb20-1cc1-48af-a876-3686b9195128_Output-Variables-httpStatus"/>
        </types:variables>
      </types:output-event>
    </types:processor-declaration>
  </types:enrichment>
</types:mule>