<?xml version="1.0" encoding="UTF-8"?>

<mule xmlns:ee="http://www.mulesoft.org/schema/mule/ee/core" xmlns="http://www.mulesoft.org/schema/mule/core"
	xmlns:doc="http://www.mulesoft.org/schema/mule/documentation"
	xmlns:xsi="http://www.w3.org/2001/XMLSchema-instance" xsi:schemaLocation="http://www.mulesoft.org/schema/mule/core http://www.mulesoft.org/schema/mule/core/current/mule.xsd
http://www.mulesoft.org/schema/mule/ee/core http://www.mulesoft.org/schema/mule/ee/core/current/mule-ee.xsd">
	<error-handler name="global-error-handlerError_Handler" doc:id="dbfc5435-4e41-4534-8b13-6aa0e1fcd93b" >
		<on-error-propagate enableNotifications="true" logException="true" doc:name="On Error Propagate" doc:id="baf93476-508f-4e03-91a3-a0f0da891182" type="SFTP:CONNECTIVITY" >
			<ee:transform doc:name="Set httpsatus and errorType" doc:id="62392392-b559-4ab8-bc04-596b9c0ca36c" >
				<ee:message >
				</ee:message>
				<ee:variables >
					<ee:set-variable variableName="httpStatus" ><![CDATA[504]]></ee:set-variable>
					<ee:set-variable variableName="errorType" ><![CDATA[%dw 2.0
output application/java
---
{
  "error": "SFTP:CONNECTIVITY",
  "message": error.message,
  "description": error.description
}]]></ee:set-variable>
				</ee:variables>
			</ee:transform>
			<ee:transform doc:name="Set errorResponse" doc:id="e79ce531-1051-4e42-8464-797ed8c8f842" >
				<ee:message >
					<ee:set-payload ><![CDATA[%dw 2.0
output application/json
---
{
	"statusCode":vars.httpStatus,
	"errorResponse":vars.errorType
}]]></ee:set-payload>
				</ee:message>
			</ee:transform>
			<logger level="INFO" doc:name="Logger" doc:id="93346255-8639-484f-9419-7fdad6e872f1" message="#[payload]"/>
		</on-error-propagate>
		<on-error-propagate enableNotifications="true" logException="true" doc:name="On Error Propagate" doc:id="8cded864-78e8-4f78-a79b-5c997c74383b" type="SFTP:ILLEGAL_PATH" >
			<ee:transform doc:name="Set httpsatus and errorType" doc:id="cd53f62f-2838-4c88-889f-0ec0749d0b12" >
				<ee:message >
					<ee:set-payload ><![CDATA[%dw 2.0
output application/java
---
{
}]]></ee:set-payload>
				</ee:message>
				<ee:variables >
					<ee:set-variable variableName="httpStatus" ><![CDATA[400]]></ee:set-variable>
					<ee:set-variable variableName="errorType" ><![CDATA[%dw 2.0
output application/json
---
{
  "error": "SFTP:ILLEGAL_PATH",
  "message": error.message,
  "description": error.description
}]]></ee:set-variable>
				</ee:variables>
			</ee:transform>
			<ee:transform doc:name="Set errorResponse" doc:id="36f40486-b92a-4b61-a495-2feff0e84cfd" >
				<ee:message >
					<ee:set-payload ><![CDATA[%dw 2.0
output application/java
---
{
	"statusCode":vars.httpStatus,
	"errorResponse":vars.errorType
}]]></ee:set-payload>
				</ee:message>
			</ee:transform>
			<logger level="INFO" doc:name="Logger" doc:id="fedff0d9-c243-4d1c-86fc-8741d216864d" message="#[payload]"/>
		</on-error-propagate>
		<on-error-propagate enableNotifications="true" logException="true" doc:name="On Error Propagate" doc:id="be293a59-2e26-45ba-9007-19e88ef3e967" type="DB:CONNECTIVITY" >
			<ee:transform doc:name="Set httpStatus and errorType" doc:id="11786619-f528-46bc-8c4b-62a6b2c1a6dc" >
				<ee:message />
				<ee:variables >
					<ee:set-variable variableName="httpStatus" ><![CDATA[503]]></ee:set-variable>
					<ee:set-variable variableName="errorType" ><![CDATA[%dw 2.0
output application/json
---
{
"message":"Service unavailable",
   "description":"The (upstream) service is temporarily   not available"
   
   }]]></ee:set-variable>
				</ee:variables>
			</ee:transform>
			<ee:transform doc:name="Set errorResponse" doc:id="644afb7a-26b9-4b24-8385-12d1c24298a6" >
				<ee:message >
					<ee:set-payload ><![CDATA[%dw 2.0
output application/json
---
{ 
	"statusCode":vars.httpStatus,
	"errorType": vars.errorType
}]]></ee:set-payload>
				</ee:message>
			</ee:transform>
			<flow-ref doc:name="Flow Reference" doc:id="097df481-bbdd-4297-a70e-a8d45e3a1993" name="system-api-sub-flow" />
		</on-error-propagate>
		<on-error-propagate enableNotifications="true" logException="true" doc:name="On Error Propagate" doc:id="f84022d3-f126-4cb0-8464-d7b0764f5004" type="DB:QUERY_EXECUTION" >
			<ee:transform doc:name="Set httpStatus and errorType" doc:id="b06300dc-12e4-47eb-9010-a285977f8ce4" >
				<ee:message />
				<ee:variables >
					<ee:set-variable variableName="httpStatus" ><![CDATA[500]]></ee:set-variable>
					<ee:set-variable variableName="errorType" ><![CDATA[%dw 2.0
output application/json
---
{
	"error":error.errorType,
	"message":"Database query execution failed.",
	"description":error.description
}]]></ee:set-variable>
				</ee:variables>
			</ee:transform>
			<ee:transform doc:name="Set errorResponse" doc:id="47f7a974-ea3d-4d41-91bc-360f1b9c674a" >
				<ee:message />
				<ee:variables >
					<ee:set-variable variableName="errorResponse" ><![CDATA[%dw 2.0
output application/java
---
{ 
	"statusCode":vars.httpStatus,
	"errorType": vars.errorType
}]]></ee:set-variable>
				</ee:variables>
			</ee:transform>
			<flow-ref doc:name="Flow Reference" doc:id="631bc96f-559b-4531-9028-24052d0befc0" name="system-api-sub-flow" />
		</on-error-propagate>
		<on-error-propagate enableNotifications="true" logException="true" doc:name="On Error Propagate" doc:id="246e69ad-5b04-4c8a-bfb9-67cbd5ade5bb" type="DB:BAD_SQL_SYNTAX" >
			<ee:transform doc:name="Set httpStatus and errorType" doc:id="2968033d-e373-4679-b9ad-fdc2c12f06e3" >
				<ee:message />
				<ee:variables >
					<ee:set-variable variableName="httpStatus" ><![CDATA[400]]></ee:set-variable>
					<ee:set-variable variableName="errorType" ><![CDATA[%dw 2.0
output application/json
---
{
	"error":error.errorType,
	"message": "Invalid SQL syntax.",
	"description":error.description
}]]></ee:set-variable>
				</ee:variables>
			</ee:transform>
			<ee:transform doc:name="Set errorResponse" doc:id="4a46cb85-e930-4d13-adb8-66058028ff5f" >
				<ee:message />
				<ee:variables >
					<ee:set-variable variableName="errorResponse" ><![CDATA[%dw 2.0
output application/json
---
{
	"statusCode":vars.httpStatus,
	"errorResponse":vars.errorType
}]]></ee:set-variable>
				</ee:variables>
			</ee:transform>
			<flow-ref doc:name="Flow Reference" doc:id="1ae088b1-f0f8-47e7-bdd7-d5ee342a7ce0" name="system-api-sub-flow" />
		</on-error-propagate>
		<on-error-propagate enableNotifications="true" logException="true" doc:name="On Error Propagate" doc:id="2057cc24-f8db-40c2-9c49-90adcda950b9" type="ANY">
			<ee:transform doc:name="Set httpsatus and errorType" doc:id="0dc41fff-f13c-4167-b68a-d6293bf7a697">
				<ee:message>
					<ee:set-payload><![CDATA[%dw 2.0
output application/java
---
{
}]]></ee:set-payload>
				</ee:message>
				<ee:variables>
					<ee:set-variable variableName="httpStatus"><![CDATA[500]]></ee:set-variable>
					<ee:set-variable variableName="errorType"><![CDATA[%dw 2.0
output application/json
---
{
	"error": "SFTP:INTERNAL SERVER ERROR",
	"message":"Internal server error",
   "description":"The server encountered an unexpected condition which prevented it from fulfilling the request",
}]]></ee:set-variable>
				</ee:variables>
			</ee:transform>
			<ee:transform doc:name="Set errorResponse" doc:id="81d1dde3-7d01-41f1-8dd6-0836225aeecd">
				<ee:message>
					<ee:set-payload><![CDATA[%dw 2.0
output application/json
---
{
	
	"statusCode":vars.httpStatus,
	"errorResponse":vars.errorType

}]]></ee:set-payload>
				</ee:message>
			</ee:transform>
			<logger level="INFO" doc:name="Logger" doc:id="45d5a70a-cd17-4c21-92df-36e66c5c711a" message="#[payload]" />
		</on-error-propagate>
	</error-handler>
</mule>
