<?xml version="1.0" encoding="UTF-8"?>

<mule xmlns:email="http://www.mulesoft.org/schema/mule/email" xmlns:secure-properties="http://www.mulesoft.org/schema/mule/secure-properties"
	xmlns:sftp="http://www.mulesoft.org/schema/mule/sftp"
	xmlns:db="http://www.mulesoft.org/schema/mule/db" xmlns="http://www.mulesoft.org/schema/mule/core" xmlns:doc="http://www.mulesoft.org/schema/mule/documentation" xmlns:xsi="http://www.w3.org/2001/XMLSchema-instance" xsi:schemaLocation="http://www.mulesoft.org/schema/mule/core http://www.mulesoft.org/schema/mule/core/current/mule.xsd
http://www.mulesoft.org/schema/mule/db http://www.mulesoft.org/schema/mule/db/current/mule-db.xsd
http://www.mulesoft.org/schema/mule/sftp http://www.mulesoft.org/schema/mule/sftp/current/mule-sftp.xsd
http://www.mulesoft.org/schema/mule/secure-properties http://www.mulesoft.org/schema/mule/secure-properties/current/mule-secure-properties.xsd
http://www.mulesoft.org/schema/mule/email http://www.mulesoft.org/schema/mule/email/current/mule-email.xsd">
	<sftp:config name="SFTP_Config" doc:name="SFTP Config" doc:id="7f55a187-fb6a-41b8-b4da-78d3d93acd6c" >
		<sftp:connection workingDir="/employee-payroll/" host="${sftp.host}" username="${sftp.user}" password="password" port="${sftp.port}">
			<sftp:preferred-authentication-methods />
		</sftp:connection>
	</sftp:config>
	<configuration doc:name="Configuration" doc:id="7210d180-93d6-4040-a826-7d727d42d978" defaultErrorHandler-ref="global-error-handlerError_Handler" />
	
	<db:config name="Database_Config" doc:name="Database Config" doc:id="bdf1acb5-cae0-4f72-ab94-5e4f22d2500c" >
		<db:my-sql-connection host="localhost" port="3306" user="root" password="root" database="employeepayroll" />
	</db:config>
	<configuration-properties doc:name="Configuration properties" doc:id="0f291a9e-7f12-44fa-a5c2-86a88e0fff4a" file="config.yaml" />
	<email:smtp-config name="Email_SMTP" doc:name="Email SMTP" doc:id="c1480502-511d-4cde-9a1c-37c0f3a1ffd6" >
		<email:smtp-connection host="smtp.gmail.com" port="587" user="swathidasari0629@gmail.com" password="szuf zeur ztle svdm" >
			<email:properties >
				<email:property key="mail.smtp.starttls.enable" value="true" />
			</email:properties>
		</email:smtp-connection>
	</email:smtp-config>
</mule>
