<?xml version="1.0" encoding="UTF-8"?>

<mule xmlns:ee="http://www.mulesoft.org/schema/mule/ee/core" xmlns:sftp="http://www.mulesoft.org/schema/mule/sftp"
	xmlns="http://www.mulesoft.org/schema/mule/core"
	xmlns:doc="http://www.mulesoft.org/schema/mule/documentation" xmlns:xsi="http://www.w3.org/2001/XMLSchema-instance" xsi:schemaLocation="http://www.mulesoft.org/schema/mule/core http://www.mulesoft.org/schema/mule/core/current/mule.xsd
http://www.mulesoft.org/schema/mule/sftp http://www.mulesoft.org/schema/mule/sftp/current/mule-sftp.xsd
http://www.mulesoft.org/schema/mule/ee/core http://www.mulesoft.org/schema/mule/ee/core/current/mule-ee.xsd">
	<flow name="process-apiFlow" doc:id="03bf2ede-ce21-465d-9089-4b74cbe6019d" >
		<scheduler doc:name="Scheduler" doc:id="b9c8efc4-ba3e-4c78-bde3-bd67f9697d32" >
			<scheduling-strategy >
				<fixed-frequency frequency="45" timeUnit="MINUTES"/>
			</scheduling-strategy>
		</scheduler>
		<logger level="INFO" doc:name="Start Logger" doc:id="6c4b45d9-fd56-47dd-b147-b688fede901e" message='#["Process api flow Started"]'/>
		<sftp:read doc:name="Read Employee-Payroll Data" doc:id="5712d42b-7137-4e44-8e3d-29556cc7d1dc" path="employee-payroll.csv" config-ref="SFTP_Config"/>
		<ee:transform doc:name="Employee-Payroll in JSON" doc:id="b73e19b5-6483-44d7-8b3e-f01a00c4fd9b" >
			<ee:message >
				<ee:set-payload ><![CDATA[%dw 2.0
output application/json
---
payload]]></ee:set-payload>
			</ee:message>
		</ee:transform>
		<scatter-gather doc:name="Scatter-Gather" doc:id="984846d4-55fd-42e6-b258-ade7515afd66" >
			<route >
				<ee:transform doc:name="Employee-Payroll Within Last 15 days" doc:id="bad86ee8-5b97-4e67-b379-4222c044cc7e" >
					<ee:message >
						<ee:set-payload ><![CDATA[%dw 2.0
output application/csv
---
payload filter ((item, index) ->item."Joining Date"[0 to 1]>15 )]]></ee:set-payload>
					</ee:message>
					<ee:variables >
					</ee:variables>
				</ee:transform>
				<sftp:write doc:name="Write New_Joiners" doc:id="3b111237-02d5-4e53-a98a-54a5a3e51089" path="excluded/New_Joiner.csv " config-ref="SFTP_Config">
				</sftp:write>
			</route>
			<route >
				<ee:transform doc:name="Employee-Payroll(Payroll Processing)" doc:id="5096f2c0-ac74-42be-b376-6dcf16271a4b" >
					<ee:message >
						<ee:set-payload ><![CDATA[%dw 2.0
output application/csv
---
payload filter ((item, index) ->item."Joining Date"[0 to 1]<=15 )]]></ee:set-payload>
					</ee:message>
					<ee:variables >
					</ee:variables>
				</ee:transform>
				<sftp:write doc:name="Write(Payroll_Processing)" doc:id="c89b3a57-5147-4d3d-aed6-c875ceeb665b" path="included/payroll_processing.csv " config-ref="SFTP_Config">
				</sftp:write>
				<sftp:read doc:name="Read Payroll-processing Data" doc:id="08b29a67-b0ad-4c9b-ad90-63cf2e496f93" config-ref="SFTP_Config" path="included/payroll_processing.csv " />
				<flow-ref doc:name="Flow Reference" doc:id="f31a94e6-eef2-4909-915e-229fa976fb4f" name="system-apiFlow"/>
			</route>
		</scatter-gather>
		<ee:transform doc:name="Transform Message" doc:id="59a7c031-9bbe-4deb-82a9-1ce43846ec82" >
			<ee:message >
				<ee:set-payload ><![CDATA[%dw 2.0
output application/json
---
payload]]></ee:set-payload>
			</ee:message>
		</ee:transform>
		<logger level="INFO" doc:name="Logger" doc:id="e87d6ac8-b75a-450a-a380-ac0df52057c6" message="#[payload]"/>
		<logger level="INFO" doc:name="End Logger" doc:id="b9949387-cf02-4c5d-888e-ed50d05e6081" message='#["process-api flow ended"]'/>
		<error-handler ref="global-error-handlerError_Handler" />
	</flow>
</mule>
