<?xml version="1.0" encoding="UTF-8"?>
<mule xmlns:email="http://www.mulesoft.org/schema/mule/email" xmlns:db="http://www.mulesoft.org/schema/mule/db"
	xmlns:ee="http://www.mulesoft.org/schema/mule/ee/core"
	xmlns:sftp="http://www.mulesoft.org/schema/mule/sftp" xmlns="http://www.mulesoft.org/schema/mule/core" xmlns:doc="http://www.mulesoft.org/schema/mule/documentation" xmlns:xsi="http://www.w3.org/2001/XMLSchema-instance" xsi:schemaLocation="http://www.mulesoft.org/schema/mule/core http://www.mulesoft.org/schema/mule/core/current/mule.xsd
http://www.mulesoft.org/schema/mule/sftp http://www.mulesoft.org/schema/mule/sftp/current/mule-sftp.xsd
http://www.mulesoft.org/schema/mule/ee/core http://www.mulesoft.org/schema/mule/ee/core/current/mule-ee.xsd
http://www.mulesoft.org/schema/mule/db http://www.mulesoft.org/schema/mule/db/current/mule-db.xsd
http://www.mulesoft.org/schema/mule/email http://www.mulesoft.org/schema/mule/email/current/mule-email.xsd">
	<flow name="system-apiFlow" doc:id="5b88c2f2-e7d8-4651-aa35-6e2346ffe881" >
		<logger level="INFO" doc:name="Start Logger" doc:id="e4aed163-b63a-4e8a-bdff-f714db5bf4ea" message='#["system-api flow has started"]'/>
		<ee:transform doc:name="Mapping Payroll Processing" doc:id="eab8daf3-9185-4b03-bbd2-5f33e44f9c29">
			<ee:message>
				<ee:set-payload><![CDATA[%dw 2.0
output application/java
import * from dw::core::Strings
var parsedPayload = read(payload as String, "application/csv")
---
parsedPayload map((item, index) -> {
	"emp_id": item.Emp_Id ,
    "first_name": item.First_Name,
    "last_name": item."Last Name",
    "date_of_birth": item."Date of Birth",
    "joining_date": item."Joining Date",
    "termination_date": item."Termination Date",
    "employee_status": item."Employee Status",
    "payment_status": item."Payment Status",
    "phone_number": item."Phone Number",
    "address": item.Address,
    "status": item.Status
})]]></ee:set-payload>
			</ee:message>
		</ee:transform>
		<db:bulk-insert doc:name="Bulk Insertion of Payroll_processing Data" doc:id="1452abd9-9797-41c8-baeb-02ed001486cb" config-ref="Database_Config">
				<db:sql><![CDATA[INSERT INTO employeepayroll
        (Emp_Id, First_Name, Last_Name, Date_of_Birth, Joining_Date, Termination_Date, Employee_Status, Payment_Status, Phone_Number, Address, Status)
VALUES(:emp_id,
:first_name,
:last_name,
CASE WHEN :date_of_birth = '' THEN NULL ELSE STR_TO_DATE(:date_of_birth, '%d-%m-%Y') END,
CASE WHEN :joining_date = '' THEN NULL ELSE STR_TO_DATE(:joining_date, '%d-%m-%Y') END,
CASE WHEN :termination_date = '' THEN NULL ELSE STR_TO_DATE(:termination_date, '%d-%m-%Y') END,
:employee_status,
:payment_status,
:phone_number,
:address,
:status);]]></db:sql>
			</db:bulk-insert>
		<db:query-single doc:name="Query single" doc:id="848fd67c-7b2c-430e-98b6-1da58444ac6e" config-ref="Database_Config">
			<db:sql ><![CDATA[select * from employeepayroll where emp_id=:emp_id;
]]></db:sql>
			<db:input-parameters ><![CDATA[#[{'emp_id':"1111"}]]]></db:input-parameters>
		</db:query-single>
		<sftp:delete doc:name="Deletion of Payroll_proocessing Data After Insertion" doc:id="82d50e38-bd4b-4f48-94e9-86c8cc28294f" path="included/payroll_processing.csv " config-ref="SFTP_Config"/>
		<email:send doc:name="Send Success Response Notification" doc:id="b38c4448-4529-4efd-b88e-30b65fe9b530" fromAddress="swathidasari0629@gmail.com" subject='"success message"' config-ref="Email_SMTP">
			<email:to-addresses >
				<email:to-address value="swathi-supriya.dasari@capgemini.com" />
			</email:to-addresses>
			<email:body >
				<email:content ><![CDATA["Data has been inserted to Database Successfully and file has been deleted from included folder"]]></email:content>
			</email:body>
		</email:send>
		<logger level="INFO" doc:name="End Logger" doc:id="67866205-bc0c-40ab-a677-56378dac1b2c" message='#["system-api flow has ended"]'/>
		
	</flow>
	<sub-flow name="system-api-sub-flow" doc:id="a598fb20-1cc1-48af-a876-3686b9195128" >
		<sftp:move doc:name="Move Payroll_processing Data to Error Folder" doc:id="231d98de-e431-458b-90a5-912f94e11539" sourcePath="included/payroll_processing.csv " targetPath="error" config-ref="SFTP_Config"/>
		<email:send doc:name="Send Errror Response Notification" doc:id="a400ebd0-8afd-47e7-bbbe-46ce096fd317" fromAddress="swathidasari0629@gmail.com" subject='"Error Message"' config-ref="Email_SMTP">
			<email:to-addresses >
				<email:to-address value="swathi-supriya.dasari@capgemini.com" />
			</email:to-addresses>
			<email:body >
				<email:content ><![CDATA[#[{
	"errorResponse":vars.errorResponse
}]]]></email:content>
			</email:body>
		</email:send>
	</sub-flow>
</mule>
